{
    "timestamp": "20251210_203645",
    "best_params": {
        "max_depth": 3,
        "n_estimators": 10
    },
    "features_selected": [
        "NumN",
        "NumSaturatedHeterocycles",
        "FpDensityMorgan3",
        "NumAromaticRings",
        "fr_ether",
        "NumAromaticHeterocycles",
        "SlogP_VSA2",
        "Chi4n",
        "BCUT2D_MWLOW",
        "MinEStateIndex",
        "PEOE_VSA1",
        "EState_VSA10",
        "fr_aldehyde",
        "SMR_VSA3",
        "EState_VSA2",
        "fr_aryl_methyl",
        "EState_VSA1",
        "VSA_EState2",
        "PEOE_VSA3",
        "PEOE_VSA5",
        "fr_amidine",
        "EState_VSA8",
        "BCUT2D_LOGPLOW",
        "fr_NH0",
        "BCUT2D_MWHI",
        "Chi1n",
        "FpDensityMorgan2",
        "VSA_EState5",
        "FractionCSP3"
    ],
    "metrics_train": {
        "mse": 0.2879641446947749,
        "rmse": 0.5366229073518711,
        "mae": 0.3992953891375076,
        "r2": 0.7601675440760296
    },
    "metrics_test": {
        "mse": 0.7168040850063517,
        "rmse": 0.8466428320173459,
        "mae": 0.6517700963347391,
        "r2": 0.35648544356206413
    },
    "metrics_test_domain_valid": {
        "mse": 0.6478952144859601,
        "rmse": 0.8049193838428542,
        "mae": 0.6078932437752013,
        "r2": 0.36072818290430775
    },
    "mahalanobis_crit": 6.7618256265726435,
    "n_features": 29,
    "n_train_samples_clean": 1052,
    "n_outliers_removed": 197
}